年度,Y,YR,C,CR,PC,SALES,GR,G,PG,X,XR,PX,M,MR,PM,PY,PI,I_N,IR_N,K_N,KCG_N,D_N,DELTA_N,KTR_N,NP_N,I_H,IR_H,K_H,KCG_H,D_H,DELTA_H,KTR_H,NP_H,I_F,IR_F,K_F,KCG_F,D_F,DELTA_F,KTR_F,NP_F,I_G,IR_G,K_G,KCG_G,D_G,DELTA_G,KTR_G,NP_G,KTR_W,NP_W,I,IR,KR_N,KR_H,DPH,PH,WB_N,WB_H,WB_W,N,UN,W,N_W,N_N,LF,UR,T_N,T_H,T_F,T_W,T_G,B2,B2_N,B2_H,B2_F,B2_G,SBEN_H,SCON_H,OTR_H,STR_H,STR_N,STR_F,STR_W,STR_G,CPEN_H,CPEN_F,Y_H,YD_H,YDR_H,S_N,NL_N,S_H,NL_H,S_F,NL_F,S_G,NL_G,S_W,NL_W,CAB,TAU_N,TAU_H,TAU_SC,YFC,WS,ULC,YR_W,TIME,GOLD,D2007,D2008,D2009,D2010,D2011,D2014,D2020,YR_GAP,NW_N,NW_H,NW_F,NW_G,FNWR_H,NWR_H,IBA_H,IBL_H,EQA_H,PENA_H,NIB_N,NEQ_N,NIB_G,NIB_W,NEQ_W,NPEN_W,NEQ_F,PENL_F,IBA_FH,IBL_FH,NIB_F,IBATR_H,IBLTR_H,EQATR_H,PENATR_H,NIBTR_N,NEQTR_N,NIBTR_G,NIBTR_W,NEQTR_W,NPENTR_W,NEQTR_F,PENLTR_F,IBATR_FH,IBLTR_FH,NIBTR_F,IBACG_H,IBLCG_H,EQACG_H,PENACG_H,NIBCG_N,NEQCG_N,NIBCG_G,NIBCG_W,NEQCG_W,NPENCG_W,NEQCG_F,PENLCG_F,IBACG_FH,IBLCG_FH,NIBCG_F,FNW_H,FNW_N,FNW_F,FNW_G,FNW_W,FA_H,FL_H,FATR_H,FLTR_H,RA_H,RL_H,RN,CHI,PSI,EPS_N,EPS_H,EPS_F,EPS_G,EPS_W,FNL_H,GAPNL_H,FNL_N,GAPNL_N,FNL_F,GAPNL_F,FNL_G,GAPNL_G,FNL_W,GAPNL_W
1994,511958.8,447936.9,312266.3,290465.1,1.075056177144862,548405.5,33505.5,35015.4,1.045064243183955,45159.4,38685.5,1.1673469387755102,36446.5,48021.4,0.7589637120117281,1.1429261576797982,1.102,84293.5,76491.37931034483,743997.4,,72483.9,,4631.2,-5057.1,37201.4,33758.07622504537,397066.4,,26790.7,,-3205.1,21.6,1646.7,1494.2831215970962,7658.3,,1404.7,,-318.4,-134.0,32822.8,29784.75499092559,399461.0,,14139.2,,-1297.2,5169.5,189.6,0.0,155964.4,141528.49364791287,675133.7568058076,360314.33756805805,,1.0,262784.2,262822.6,-38.4,6455.0,194.0,40.71612703330751,-0.9431152419921272,6454.056884758008,6649.0,0.02917731989772898,48654.1,30826.4,2659.2,0.0,82139.6,220811.4,121703.6,70776.5,14192.3,14139.2,49558.4,57155.5,40884.0,33286.899999999994,5398.5,2845.1,484.0,-42014.49999999999,3133.1,3133.1,403562.9,372736.5,346713.50941856357,73630.3,-974.8999999999969,63603.3,23175.200000000004,13543.0,11711.9,18611.1,-20678.400000000005,-12428.4,-12238.8,12238.8,0.09503518642515765,0.08270292820799681,,483595.6,0.5433965900434164,0.5752671574404719,100.0,1.0,0.0,0.0,0.0,0.0,0.0,0.0,0.0,0.0,-8226.293647912797,23092.20000000007,1308216.9,-20215.49999999993,318133.4,847537.5700085151,1216882.3618821178,733535.7,312350.5,136875.4,353089.9,-565468.9,-155436.3,-81327.6,-110645.5,29601.6,0.0,-11040.699999999999,353089.9,312350.5,733535.7,757442.0,34975.100000000006,13645.0,-2833.1,20225.8,1850.9999999999995,-4845.0,-20672.0,-13678.300000000001,1439.5,0.0,6238.6,20225.8,13645.0,34975.100000000006,32499.300000000003,,,,,,,,,,,,,,,,911150.5,-720905.2,-27873.79999999993,-81327.6,-81043.9,1223501.0,312350.5,52367.8,13645.0,0.029619417296254297,0.030499711061771954,0.0730711345225975,,,,,,,,38722.8,15547.599999999999,-2994.0000000000005,-2019.1000000000035,-2818.0000000000036,-14529.900000000003,-20672.0,6.400000000005093,-12238.800000000001,-1.8189894035458565e-12
1995,525299.5,462177.3,319163.3,297787.0,1.071783858932727,566797.2,34735.9,36310.8,1.045339259958717,46887.1,40286.6,1.16383859645639,41497.6,55039.0,0.7539671869038318,1.136575725376387,1.089,92476.6,84918.82460973371,753217.1,-10898.3,72358.6,0.09725652267064375,5239.3,6002.3,35652.2,32738.475665748392,399831.5,-5921.6,26965.5,0.06791181525306599,-3258.8,-11143.8,1789.4,1643.1588613406796,7723.4,-298.6,1425.7,0.18616403118185498,-300.8,-581.7,34517.8,31696.78604224059,416461.3,-2791.0,14726.5,0.036865926836412065,-1960.0,5723.2,280.4,0.0,164436.0,150997.24517906338,691659.4123048668,367154.7291092746,-0.014913374689976286,0.9850866253100237,267016.8,267095.2,-78.4,6456.0,216.0,41.37162329615862,-1.8950187049411595,6454.104981295059,6672.0,0.03237410071942446,50615.4,30392.5,2607.1,0.0,83615.0,223677.6,125453.0,69658.1,13840.1,14726.5,53591.0,60977.6,42176.5,34789.9,6074.3,2121.2,660.8,-43646.200000000004,2429.1,2429.1,405987.1,375594.6,350438.75392377505,79348.7,-13890.900000000009,58860.3,31093.10000000001,13809.7,12301.200000000003,17741.5,-24459.500000000004,-9668.6,-9388.2,9388.2,0.09635531729994032,0.08091836251106913,0.1635943890657341,490694.4,0.5441610908948624,0.5825368069546458,103.438455,2.0,0.0,0.0,0.0,0.0,0.0,0.0,0.0,0.0,-6590.445179063419,-44915.19999999995,1384117.6,9311.999999999744,314647.0,918362.4961287841,1291414.8580090506,756946.2,323121.1,166122.1,384338.9,-590646.6,-207485.69999999998,-101814.30000000002,-132537.5,46609.4,0.0,-5245.799999999999,384338.9,323121.1,756946.2,824998.3999999999,22129.600000000002,13512.0,4812.9,23434.0,-1689.1999999999998,-5710.099999999999,-21855.2,-12008.099999999999,2619.9,0.0,-1722.7,23434.0,13512.0,22129.600000000002,35552.5,1280.8999999999978,-2741.4000000000233,24433.8,7815.0,-23488.5,-46339.3,1368.5000000000002,-9883.900000000001,14387.9,0.0,7517.6,7815.0,-2741.4000000000233,1280.8999999999978,32003.90000000002,984286.1,-798132.2999999999,1588.5999999997439,-101814.30000000002,-85928.1,1307407.2,323121.1,50376.5,13512.0,0.02352716745258778,0.024038046416653077,0.06077240623370192,0.017755826663398446,0.04983291790560987,7911.054060245238,2217.7641231165035,-22470.70951962272,5299.700000000004,2697.8913362608073,36864.5,5771.3999999999905,-7399.299999999999,6491.6000000000095,1778.2000000000007,-10523.000000000002,-21855.2,2604.300000000003,-9388.199999999999,1.8189894035458565e-12
1996,538659.6,475806.1,328723.6,305283.4,1.0767817706432776,588410.5,35005.0,36848.1,1.0526524782173974,51374.5,42903.6,1.1974403080394187,49750.8,60033.8,0.8287131582541835,1.1320989789748388,1.083,96971.9,89540.07386888273,775705.6,-667.9,73815.5,0.09800029765654551,5212.3,-2523.0,38738.2,35769.34441366574,416861.5,5784.9,27493.1,0.06876171587281142,-2895.6,-1893.1,1960.8,1810.5263157894738,8030.2,-148.0,1506.0,0.1949918429707124,357.8,-635.8,33793.4,31203.508771929828,440730.2,5840.7,15365.2,0.0368946646423089,-3089.3,5052.0,414.7,0.0,171464.29999999996,158323.45337026773,716256.3250230841,384913.66574330564,0.01446834479024289,0.999339198253266,272834.7,272962.4,-127.7,6512.0,225.0,41.91683046683047,-3.0465089697335603,6508.953491030266,6737.0,0.033397654742466976,52177.2,29501.3,4243.9,0.0,85922.4,232564.4,132250.3,69567.9,15380.9,15365.2,54833.4,62109.7,44674.6,37398.3,5343.6,2105.8,1058.3,-45906.00000000001,2312.9,2312.9,411606.9,382105.6,354858.9049494469,88918.8,-317.7999999999911,55694.8,15954.100000000004,14248.5,13281.3,17768.7,-24166.0,-7370.9,-6956.2,6956.2,0.09686488461358528,0.07720719089173254,0.16536366603779715,505399.1,0.5398400986467923,0.5753671733903793,107.470608,3.0,-0.0,0.0,0.0,0.0,0.0,0.0,0.0,0.0,-5675.553370267793,1464.2000000000698,1412246.2,28915.6000000002,303868.70000000007,924407.0870603145,1311543.5629601283,787166.0,337669.4,137359.8,408528.3,-592605.7,-181635.7,-136861.49999999997,-149345.59999999998,44178.4,0.0,97.5,408528.3,337669.4,787166.0,878812.8,26189.5,15091.5,-1.6,16482.7,2663.5999999999995,-3154.7,-22870.8,-10356.7,3400.5,0.0,-244.2,16482.7,15091.5,26189.5,30563.9,4030.3000000000466,-543.1999999999534,-28760.7,7706.7,-4622.700000000001,29004.7,-12176.4,-6451.399999999999,-5831.5,0.0,5587.5,7706.700000000001,-543.1999999999534,4030.3000000000466,23250.5,995384.7,-774241.3999999999,20885.400000000198,-136861.49999999997,-105167.19999999998,1333054.1,337669.4,42670.600000000006,15091.5,0.022245117294192075,0.023171184596531398,0.04522382116226988,0.010276370853509423,0.04548537761855487,8268.815115754885,2447.767693436239,-19241.23012073076,5422.700000000015,897.8473115397046,27579.100000000006,11625.000000000002,-491.10000000000036,-173.30000000000928,2739.0000000000036,-10542.299999999996,-22870.8,1295.2000000000007,-6956.200000000001,-9.094947017729282e-13
1997,542508.0,475217.3,330151.4,302281.1,1.0921999423715212,592487.7000000001,36074.8,38035.9,1.0543620477452404,56808.4,46745.3,1.21527511856807,49979.7,58835.2,0.8494863619057978,1.1415998533723415,1.084,100209.5,92444.18819188191,789707.7,-9939.2,76268.2,0.09832106407379294,4062.3,648.5,33431.6,30840.959409594092,423410.6,1245.9,28128.4,0.06747660793812814,-2850.7,-4482.3,2093.9,1931.6420664206642,8413.8,-48.9,1661.4,0.20689397524345596,-314.7,-399.8,31757.0,29296.12546125461,459277.0,2885.8,16096.0,0.03652120957447436,-1809.1,4233.6,912.2,0.0,167492.0,154512.91512915128,728512.6383763837,390600.184501845,0.0029887624546761937,1.0023259857284916,278924.9,279054.2,-129.3,6557.0,236.0,42.55821259722434,-3.0381915054494795,6553.9618084945505,6793.0,0.03474164581186515,54127.3,30736.8,2271.4,0.0,87135.5,227006.6,123853.6,71853.7,15203.3,16096.0,57964.9,64150.0,45708.8,39523.70000000001,5126.4,976.1,831.0,-46457.20000000001,1172.9,1172.9,421405.5,390668.7,357689.72771755623,81863.9,-14931.800000000007,61690.2,29890.199999999997,15557.2,13548.4,17947.3,-19852.4,-13163.2,-12251.0,12251.0,0.09977235358741254,0.07867740620121345,0.16788552693286882,505931.5,0.5513096140485422,0.5911667411462749,111.405697,4.0,0.0,0.0,0.0,0.0,0.0,0.0,0.0,0.0,-5561.615129151265,33165.5,1448560.6,26421.499999999894,300249.6,938610.194186667,1326277.8579302102,817759.1,344697.9,119976.5,432112.3,-591004.9,-165537.3,-159027.40000000002,-172501.0,44912.9,0.0,647.9,432112.3,344697.9,817759.1,922533.2999999998,30021.1,5807.299999999999,-2104.2,8953.2,-165.0999999999999,-5108.5,-17369.300000000003,-16459.9,4208.9,0.0,3003.8,8953.2,5807.299999999999,30021.1,33994.3,571.9999999999782,1221.2000000000007,-15279.1,14630.8,1765.8999999999987,21206.9,-4796.599999999999,-6695.500000000001,-3474.4,0.0,-2453.4,14630.800000000001,1221.2000000000007,571.9999999999782,9726.199999999979,1025150.0,-756542.2,18007.699999999895,-159027.40000000002,-127588.1,1369847.9,344697.9,36870.1,5807.299999999999,0.019244420514550067,0.019620369024586456,0.044135161613659026,0.011656298844335115,0.04210112249261557,-648.2058034582151,2486.8931220019003,-10036.409391450969,5398.300000000007,-797.1779270926781,31062.8,1172.6000000000022,-5273.6,9658.200000000006,3831.1000000000095,-9717.29999999999,-17369.300000000003,2483.0999999999985,-12251.000000000002,-1.8189894035458565e-12
1998,534564.1,470507.4,330638.3,303680.0,1.0887720626975763,579158.0,37006.7,38529.6,1.041152007609433,54129.4,44991.6,1.2031001342472818,44593.9,54978.2,0.8111196801641378,1.13614387361389,1.067,91582.5,85831.77132146205,789146.1,-14517.5,77626.6,0.09829788920634813,28067.0,4115.4,29834.8,27961.387066541705,418589.8,-6821.7,27833.9,0.06573737171435955,-2397.1,-9444.7,2166.8,2030.7403936269918,8763.3,-19.3,1798.0,0.21369654615037204,985.5,585.8,32276.6,30249.859418931585,465872.2,-9355.8,16325.6,0.03554630430001938,-28764.1,4743.4,2108.6,0.0,155860.7,146073.75820056236,739593.3458294283,392305.3420805998,-0.01611131133703313,0.9861771997112213,273237.2,273370.2,-133.0,6495.0,294.0,42.08933025404157,-3.1599457439033225,6491.840054256097,6789.0,0.04330534688466637,52636.7,26712.4,3443.1,0.0,82792.1,223563.9,122468.4,69848.8,14921.2,16325.6,59971.3,64865.7,47690.2,42795.8,4948.2,1404.2,1362.7,-50510.899999999994,1482.0,1482.0,415814.5,389102.1,357377.00601533457,85062.0,17431.1,59945.8,37158.600000000006,13354.4,11587.3,9104.9,-56679.2,-14349.5,-12240.9,12240.9,0.09846658239863096,0.06865138995651784,0.16603761703970651,496801.1,0.5499931461504414,0.5917993965353119,114.617352,5.0,0.0,0.0,0.0,0.0,0.0,0.0,0.0,0.0,-6266.458200562338,26973.79999999993,1489168.9000000001,26084.50000000001,275618.1,983290.3843505125,1367750.8369478069,837887.6000000001,342388.3,126988.2,448091.6,-582724.0,-179448.30000000002,-190254.1,-185630.0,50156.1,0.0,2304.0,448091.60000000003,342388.3,837887.6000000001,958608.1000000001,21619.199999999997,433.39999999999986,3475.6,9593.3,32977.5,-1180.1,-57597.3,-15314.400000000001,3073.6,0.0,-5369.1,9593.300000000001,433.39999999999986,21619.199999999997,39934.2,-1490.6999999998807,-2743.0000000000346,3536.1,6386.0,-24696.6,-12730.899999999998,26370.6,2185.4,2169.6,0.0,7025.2,6386.0,-2743.0000000000346,-1490.6999999998807,-3859.399999999845,1070579.1,-762172.3,17321.20000000001,-190254.1,-135473.9,1412967.4,342388.3,34688.09999999999,433.39999999999986,0.01588554359797185,0.017572738320789583,0.035236034335133906,0.01906458544388485,0.03814263097810454,1759.0967759644263,2056.2977644916973,-13318.308234391281,6046.399999999992,713.4136939351374,34254.69999999999,-2903.900000000016,31797.4,14366.300000000003,3786.000000000002,-7801.299999999997,-57597.3,-918.1000000000058,-12240.800000000001,0.09999999999854481
1999,530298.6,473320.1,333650.0,309036.3,1.0796466305091021,575309.3,38144.8,39144.4,1.0262054067657977,52827.0,47750.7,1.1063083891963887,45010.6,58613.9,0.7679168251899293,1.120380478242948,1.052,86207.6,81946.38783269962,786583.9,-11058.6,77711.2,0.09847504790304355,3400.1,3433.6,29676.1,28209.22053231939,416452.4,-4343.1,27470.4,0.06562606160016322,-2245.3,-7540.0,2028.1,1927.8517110266157,8782.1,-84.6,1924.7,0.21963187383748134,3300.8,-63.3,31776.1,30205.418250950566,476801.2,-4473.6,16373.5,0.03514590482110759,-6022.3,4169.7,1566.7,0.0,149687.90000000002,142288.8783269962,747703.3269961977,395867.30038022815,-0.010375551434841462,0.9759450674517496,269041.8,269177.0,-135.2,6455.0,320.0,41.700542215336945,-3.24216407791156,6451.757835922089,6775.0,0.047232472324723246,51326.2,25892.8,2894.6,0.0,80113.6,225680.3,122081.5,72232.5,14992.9,16373.5,62198.3,64299.0,49667.1,47566.399999999994,4712.7,1050.0,1057.5,-54386.59999999999,821.7,821.7,416135.7,390242.9,361454.2841818372,88675.0,2433.899999999994,57414.5,33033.1,14100.2,15436.2,2673.4,-39294.7,-13605.0,-12038.3,12038.3,0.09678735716066382,0.06635047043777093,0.16524968639336565,494722.1,0.5438240984180815,0.5829316257296184,119.069005,6.0,0.0,0.0,0.0,0.0,0.0,0.0,0.0,0.0,-5286.67832699616,-41053.90000000002,1548886.6,17295.299999999836,251401.2,1048893.3767764422,1434623.6594742395,851823.6,348150.4,174276.5,454484.5,-533223.4,-294414.4,-225400.0,-192247.40000000002,104337.8,0.0,15800.1,454484.5,348150.4,851823.6,950870.7999999999,16958.999999999996,6408.5,4995.6,4812.8,40378.3,-4093.3999999999996,-38429.600000000006,-24178.2,12139.9,0.0,-13042.1,4812.8,6408.5,16958.999999999996,22229.5,-3023.000000000113,-646.3999999999651,42292.7,1580.1,9122.3,-110872.7,3283.7,17560.800000000003,42041.8,0.0,26538.2,1580.0999999999995,-646.3999999999651,-3023.000000000113,-29966.800000000152,1132434.2,-827637.8,8513.199999999837,-225400.0,-87909.60000000002,1480584.6,348150.4,26767.399999999998,6408.5,0.015510253531364945,0.015339060360120223,0.02953327417923691,0.013653514689189029,0.03490737161776744,613.4828719065699,2490.6647459463566,-9100.105623381365,6421.099999999989,-854.8419944715242,20358.899999999998,-12674.2,36284.9,33851.00000000001,-6175.899999999997,-21612.1,-38429.600000000006,865.0999999999913,-12038.300000000001,-1.8189894035458565e-12
2000,537614.2,485623.0,337711.4,315093.3,1.0717822308503546,587857.8,38848.3,39763.9,1.0235685988833487,56468.4,52403.3,1.0775733589296856,50243.7,64668.3,0.776944809125955,1.107060827020137,1.04,92678.9,89114.32692307691,795111.6,-6233.2,77918.0,0.09905872723812424,3771.3,4988.1,29452.0,28319.23076923077,417722.7,-944.1,27237.6,0.06540387328779951,-2093.2,-9118.4,2224.9,2139.326923076923,8749.4,-288.9,1968.7,0.22417189510481547,3485.3,251.3,29558.3,28421.442307692305,489822.1,133.8,16671.2,0.03496467710232273,-5815.3,3878.9,651.7,0.0,153914.09999999998,147994.3269230769,764530.3846153846,401656.4423076923,-0.0022670057850549064,0.9737325943379407,270609.7,270736.4,-126.7,6453.0,319.0,41.9551216488455,-3.019893520043851,6449.980106479956,6772.0,0.04710572947430597,51777.4,29651.0,3418.0,0.0,84846.4,235118.8,133448.6,69320.1,15679.0,16671.2,63024.9,64593.6,51886.8,50318.10000000001,4366.2,563.9,875.0,-56123.20000000001,345.1,345.1,416799.6,387148.6,361219.4612452525,102281.3,8385.60000000001,49782.2,27355.399999999998,13348.1,14357.2,4640.6,-34611.9,-13580.4,-12928.699999999999,12928.699999999999,0.09630958408464659,0.07658816278813872,0.1655215251834178,505728.5,0.5350888866259268,0.568825731024232,124.040978,7.0,792.5,0.0,0.0,0.0,0.0,0.0,0.0,0.0,-4047.926923076913,48672.09999999998,1561842.6,17181.299999999967,221284.90000000002,1067492.8796797206,1457238.7515333507,857401.6000000001,345863.3,148262.8,484318.8,-513459.30000000005,-232980.19999999998,-268537.19999999995,-212204.80000000002,75422.2,0.0,9295.2,484318.8,345863.3,857401.6000000001,994993.8000000002,2762.499999999998,-2725.3,5215.4,4784.1,18550.999999999996,-7132.7,-31839.599999999995,-13204.599999999999,276.0,0.0,1641.3,4784.1,-2725.3,2762.499999999998,26493.199999999997,2815.5000000001182,438.19999999996526,-31229.1,25050.2,1213.1000000000022,68566.9,-11297.6,-6752.8,-29191.6,0.0,-8146.2,25050.2,438.19999999996526,2815.5000000001182,17629.800000000156,1144119.9000000001,-746439.5,8431.899999999965,-268537.19999999995,-136782.60000000003,1489983.2000000002,345863.3,12761.999999999998,-2725.3,0.008156621121304181,0.010099365847720762,0.017363329922260303,0.005574455597280566,0.0318756745279542,1747.232870984968,3094.8033891004743,-4943.405001312929,5666.900000000025,-3007.9312587725053,15487.3,-11868.099999999999,11418.299999999996,3032.699999999986,17862.6,3505.399999999998,-31839.599999999995,2772.3000000000065,-12928.599999999999,0.1000000000003638
2001,527410.5,482113.5,339782.5,321515.4,1.056815629982265,576888.5,39550.9,41473.3,1.0486057207294903,53278.8,48405.3,1.100681123761241,49478.0,62626.2,0.7900527255365966,1.093955054152186,1.02,85065.6,83397.64705882354,790287.0,-12200.3,77689.9,0.09770942846262085,3867.9,4706.7,26973.0,26444.11764705882,412179.9,-5772.1,26743.7,0.06402261596030094,-1872.1,-8222.4,2558.8,2508.6274509803925,8915.3,-392.6,2000.3,0.22862139118110958,565.1,105.0,27756.5,27212.254901960783,493469.1,-7427.9,16681.6,0.034056446207715,-2954.5,3410.7,393.5,0.0,142353.90000000002,139562.64705882355,774791.1764705882,404097.9411764706,-0.013818018508450703,0.9602775393270974,264482.3,264606.8,-124.5,6389.0,348.0,41.41599624354359,-3.0060848776373095,6385.9939151223625,6737.0,0.051655039335015585,50635.299999999996,28543.7,2997.2,0.0,82176.2,226545.6,123974.7,66851.6,19037.8,16681.6,66067.3,68212.8,53348.8,51203.3,4398.9,1493.6,627.2,-57723.0,1214.7,1214.7,404559.6,376015.9,355800.8505289708,95132.8,9228.399999999998,37448.1,16825.4,17840.1,15741.4,1028.8,-33092.9,-11399.8,-11006.3,11006.3,0.09600737945111065,0.07591088568329159,0.17619281071919157,491027.9,0.5386298823345883,0.5785395403337089,127.208604,8.0,984.0,0.0,0.0,0.0,0.0,0.0,0.0,0.0,-4294.547058823577,120916.30000000005,1560092.1999999997,-1012.100000000024,203034.3999999999,1086199.2077267664,1476219.8398089365,867151.2,342385.4,125369.4,497777.1,-484114.1,-185256.6,-290434.70000000007,-238774.7,61579.2,0.0,-1692.0,497777.1,342385.4,867151.2,1014307.5,6382.700000000001,-5075.4,-1301.0,3403.9,23291.4,-1665.5,-37366.5,-12073.4,1067.1,0.0,1899.4,3403.9,-5075.4,6382.700000000001,26148.499999999993,3366.8999999998596,1597.5000000000346,-21592.4,10054.4,6053.800000000002,49389.100000000006,15469.0,-14496.5,-14910.1,0.0,-12886.6,10054.4,1597.5000000000346,3366.8999999998596,-6834.800000000176,1147912.2999999998,-669370.7,-9927.400000000023,-290434.70000000007,-177195.5,1490297.7,342385.4,8485.6,-5075.4,0.006130303458035923,0.00659519944483614,0.01409198005610211,0.00923898254014719,0.029560074892818533,-7920.23677244717,2711.102579446626,1975.316189489342,6030.000000000012,-5113.9424354522225,13561.0,-3264.4000000000015,21625.9,12397.500000000004,13185.899999999992,-2555.5000000000073,-37366.5,-4273.5999999999985,-11006.3,0.0
2002,523465.9,486545.5,339652.6,325740.5,1.0427091503819759,574764.1,40175.2,41850.0,1.0416874091479322,57879.7,54319.0,1.0655516485944143,51298.2,65643.7,0.7814641770649735,1.0758827283368153,1.001,80238.2,80158.04195804197,783893.8,-9204.7,77426.7,0.09797288833044197,3437.5,-4258.1,26198.4,26172.227772227776,408165.4,-3990.9,26222.0,0.0636178523018711,-1472.3,1820.1,2527.5,2524.9750249750255,9000.2,-310.3,2132.3,0.23917310690610527,1309.3,-498.9,26417.7,26391.308691308695,499013.3,-4227.2,16646.3,0.03373321652764074,-3637.4,2936.8,362.8,0.0,135381.80000000002,135246.55344655347,783110.6893106895,407757.6423576424,-0.009682422650886178,0.9509797263291795,256611.7,256723.4,-111.7,6318.0,360.0,40.633649889205444,-2.748953153471791,6315.251046846528,6678.0,0.05390835579514825,48893.899999999994,24581.9,1873.8,0.0,75349.6,232523.4,128570.0,66495.9,20811.2,16646.3,68716.0,68522.6,52850.7,53044.09999999999,4509.9,853.0,976.8,-59383.799999999996,442.3,442.3,397197.1,372615.2,357352.95874549466,102128.5,29585.9,33404.9,3914.0999999999995,20150.5,19431.2,-7614.0,-40605.9,-13144.9,-12782.1,12782.1,0.09340417398726449,0.06597127546058239,0.18223325130666018,489135.1,0.5246233607034131,0.5614449661691356,131.077232,9.0,980.5,0.0,0.0,0.0,0.0,0.0,0.0,0.0,-3292.053446553473,149217.90000000002,1567164.2999999998,1964.000000000222,163200.10000000003,1111526.545609985,1502973.575542039,869544.3999999999,336468.80000000005,108987.4,516935.9,-503851.0,-130824.90000000001,-335813.19999999995,-226300.0,45806.9,0.0,-23969.4,516935.89999999997,336468.80000000005,869544.3999999999,1066944.7,5413.900000000001,-6485.3,-1366.1,-57.5,16630.800000000003,11594.900000000001,-36680.899999999994,-13232.7,450.7,0.0,-10679.5,-57.5,-6485.3,5413.900000000001,33282.799999999996,-3020.700000000047,568.7000000000235,-15015.9,19216.3,-36367.7,42836.8,-8697.6,25707.4,-16223.0,0.0,-11597.9,19216.3,568.7000000000235,-3020.700000000047,19354.39999999993,1158998.9,-634675.9,-7036.199999999779,-335813.19999999995,-180493.1,1495467.7,336468.80000000005,3990.3000000000006,-6485.3,0.006454874529696242,0.005251304132805181,0.011463516026171695,0.017966971217219792,0.027153720008413405,-6237.673757922195,2106.891598679824,3113.4990545447436,5716.69999999999,-5170.083403677657,10475.6,6561.500000000001,28225.700000000004,-1360.199999999997,10761.599999999995,-8669.600000000006,-36680.899999999994,3925.0000000000073,-12782.0,0.1000000000003638
2003,526219.9,495922.8,339251.7,328672.1,1.032188920203449,578189.9,41033.4,42311.7,1.031152670751144,61576.6,59757.5,1.0304413671924026,51970.0,67247.6,0.7728156841285041,1.0610923716352627,0.987,82990.4,84083.48530901723,785983.7,-4200.5,76700.0,0.0978448866415323,4377.3,1633.7,25571.0,25907.801418439718,408502.0,697.0,25931.4,0.06353159772974387,-1465.5,-4149.8,2799.7,2836.5754812563323,9695.3,156.0,2260.6,0.25117219617341835,-3521.1,-413.7,23688.8,24000.81053698075,510610.3,4633.5,16725.3,0.03351674193854152,49.4,2929.7,559.8,0.0,135049.9,136828.67274569403,796336.0688956433,413882.4721377913,0.0017076410690372089,0.9526036583656811,253505.9,253616.6,-110.7,6320.0,342.0,40.1292088607595,-2.7585891459786147,6317.2414108540215,6662.0,0.05133593515460823,49143.7,23250.5,1450.6,0.0,73844.8,240758.7,134516.1,67305.6,22211.7,16725.3,66378.9,65906.0,53370.7,53843.59999999999,5573.6,880.7,684.4,-60982.29999999999,609.0,609.0,395026.9,371776.4,360182.51380447025,110014.8,29768.000000000007,33133.8,10247.100000000002,21477.6,15570.499999999998,-10436.6,-37005.7,-17830.5,-17270.7,17270.7,0.09339004473224975,0.06253893469300364,0.17687415864945927,494264.6,0.5128951173116586,0.5460549214777455,136.531469,10.0,1083.7,0.0,0.0,0.0,0.0,0.0,0.0,0.0,-3121.272745694092,160441.59999999986,1592308.2999999998,-22394.700000000117,150040.5,1146889.17583679,1542651.9979367233,869922.9999999999,331522.5,160042.5,485363.3,-413817.7,-211724.40000000002,-360569.8,-253395.99999999997,88875.3,0.0,-37193.4,485363.30000000005,331522.5,869922.9999999999,1028867.1999999998,1397.300000000001,-3943.2,-1315.0,301.1,46367.799999999996,-4019.4000000000005,-38837.00000000001,-32387.299999999996,15116.6,0.0,-9782.199999999999,301.10000000000014,-3943.2,1397.300000000001,24856.5,-1018.7000000000244,-1003.1000000000467,52370.1,-31873.7,43665.50000000001,-76880.09999999999,14080.400000000001,5291.3,27951.8,0.0,-3441.7999999999997,-31873.700000000004,-1003.1000000000467,-1018.7000000000244,-62933.999999999985,1183806.2999999998,-625542.1000000001,-32090.000000000116,-360569.8,-164520.69999999995,1515328.7999999998,331522.5,383.4000000000011,-3943.2,0.006028004777434325,0.005339909055946429,0.007390247325205829,0.022531643440965747,0.023669085470751795,-4162.8959866973455,1724.134763642156,4835.232306804934,6136.899999999985,-7235.511061213319,4326.600000000001,-5920.500000000001,42348.399999999994,12580.399999999987,9432.699999999999,-6137.799999999999,-38837.00000000001,-1831.3000000000102,-17270.699999999997,3.637978807091713e-12
2004,529637.9,504269.4,341905.1,333191.1,1.0261531595531814,588715.7,40550.3,41902.3,1.0333413069693689,68504.0,66783.7,1.025759279584689,59077.7,73285.8,0.8061275171997849,1.0503074348750885,0.982,85945.0,87520.36659877801,794209.0,-638.6,77081.1,0.09806959101060239,2881.7,-4431.8,25732.1,26203.76782077393,410173.9,1659.0,25719.2,0.06295978967055241,-1502.7,2932.6,2684.0,2733.197556008147,9892.8,-112.4,2374.1,0.24487122626427238,-5429.5,-656.8,22043.2,22447.25050916497,521159.4,5318.5,16812.6,0.03292648033147784,3641.9,2155.9,408.6,0.0,136404.30000000002,138904.58248472508,808766.8024439919,417692.3625254583,0.0040611796270275296,0.9564723529356677,256310.1,256437.0,-126.9,6332.0,308.0,40.49857864813645,-3.1334433018636156,6328.866556698136,6640.0,0.0463855421686747,52236.9,24129.1,1657.1,0.0,78023.1,243696.4,139639.2,65761.9,21482.7,16812.6,67750.0,65037.6,54370.3,57082.700000000004,5604.7,-725.0,748.7,-62711.1,-1024.9,-1024.9,398879.2,374750.1,365198.9924809837,115337.8,36706.3,31820.1,1652.7,19433.6,11976.899999999998,-6398.1,-26955.300000000003,-19234.2,-18825.600000000002,18825.600000000002,0.09862757178064485,0.0643871742796066,0.17493740861442522,500006.5,0.5126135360240317,0.5429920545659757,143.503062,11.0,1125.1,0.0,0.0,0.0,0.0,0.0,0.0,0.0,-1874.482484725013,166172.80000000005,1615600.4,2356.2999999999993,146938.00000000006,1174704.271753039,1574424.231859776,875757.3999999999,333988.49999999994,180348.6,483309.0,-393382.5,-234653.7,-374221.39999999997,-293448.5,98941.2,0.0,-44636.1,483309.0,333988.49999999994,875757.3999999999,1062177.5,-1426.7000000000007,2081.6,1851.2,5262.7,41159.8,-7954.6,-30639.199999999997,-28664.0,9838.4,0.0,-3735.0,5262.700000000001,2081.6,-1426.7000000000007,18143.4,7261.100000000024,384.3999999999419,18454.9,-7317.0,-20724.600000000002,-14974.7,16987.6,-11388.5,227.5,0.0,-3707.7000000000003,-7317.0,384.3999999999419,7261.100000000024,15166.900000000083,1205426.5,-628036.2,-7536.5,-374221.39999999997,-194507.3,1539415.0,333988.49999999994,5687.199999999999,2081.6,0.005864523668312709,0.006228058750525842,0.0029650896501375937,0.013518045156817067,0.02379825586318537,-1380.2848494522332,2409.738257990044,7231.698987943551,6044.300000000001,-9758.461207507808,3605.599999999999,1952.899999999999,33205.200000000004,-3501.0999999999985,12654.0,677.1000000000022,-30639.199999999997,-3683.899999999994,-18825.6,3.637978807091713e-12
2005,534106.2,515134.1,345995.1,339276.8,1.0198018255300687,603736.0,40065.1,41578.0,1.0377610439010512,76745.9,73090.4,1.0500134080535883,69629.7,77708.5,0.8960371130571302,1.0368294391693347,0.983,90451.0,92015.25940996948,812700.8,6700.4,78659.6,0.09904143619626572,2625.5,-12185.4,25352.1,25790.539165818922,411553.6,1654.4,25626.8,0.06247789047523501,-1470.8,1180.8,2361.2,2402.0345879959305,10013.0,221.4,2462.4,0.24890829694323147,-3115.3,8886.3,21252.7,21620.244150559512,531270.4,5775.5,16917.2,0.03246070204240775,1239.1,2118.3,721.4,0.0,139417.0,141828.07731434386,826755.6459816888,418671.00712105795,0.004033411194617698,0.9603301992313407,261520.2,261644.3,-124.1,6366.0,289.0,41.10026704366949,-3.0194451016131443,6362.980554898387,6655.0,0.043425995492111194,56181.9,25170.8,2284.3,0.0,83637.1,237382.9,134540.5,64103.5,21821.6,16917.2,66795.3,65685.3,55924.9,57034.90000000001,4957.9,1131.7,582.8,-63707.30000000001,325.3,325.3,403642.2,378471.4,371122.49706287746,105803.3,30163.200000000004,32801.6,4797.9,19563.7,5200.900000000001,555.3,-21576.600000000002,-19412.8,-18691.399999999998,18691.399999999998,0.10518863102506582,0.06650647842875312,0.17527760499596934,498903.1,0.5241903688311418,0.561177763724057,150.441858,12.0,1681.9,0.0,0.0,0.0,0.0,0.0,0.0,0.0,-1417.777314343839,67514.59999999998,1696278.5,27.400000000023283,182059.1000000001,1259778.976500881,1663341.3056682015,876084.6,335933.39999999997,260543.7,484030.0,-384681.4,-360504.80000000005,-349211.29999999993,-349284.6,170624.7,0.0,-70663.6,484030.0,335933.39999999997,876084.6,1084859.2,114.69999999999936,2853.3,7463.3,5295.7,21090.0,-3400.8999999999996,-21462.4,-35398.0,16706.6,0.0,-20769.0,5295.700000000001,2853.3,114.69999999999936,35770.4,212.5000000000705,-908.3999999999769,72731.8,-4574.7,-12388.9,-122450.2,46472.5,-20438.1,54976.9,0.0,-5258.5,-4574.700000000001,-908.3999999999769,212.5000000000705,-13088.699999999952,1284724.9,-745186.2000000001,-9985.599999999977,-349211.29999999993,-178659.89999999997,1620658.3,335933.39999999997,12873.7,2853.3,0.008952217628297541,0.007563106258561965,0.00228600849972495,0.017423974137207286,0.02462399831163914,-7461.285620704686,2760.310657918395,11805.086740126779,6395.899999999999,-13609.147799705854,10020.400000000001,5222.500000000002,17689.1,-12474.100000000006,12444.300000000003,7243.400000000002,-21462.4,114.20000000000073,-18691.4,-3.637978807091713e-12
2006,537257.9,521784.6,347509.3,341618.1,1.017244987897304,615444.7,39943.0,41222.8,1.0320406579375612,85966.1,79433.4,1.0822412234651924,78186.8,80486.4,0.971428713422392,1.0296545739372147,0.99,93712.3,94658.88888888889,834399.7,9042.2,81055.6,0.0997360898377361,2522.3,1897.5,24765.3,25015.454545454544,418222.0,7673.8,25770.7,0.06261808911403036,-1046.1,-3372.1,2352.3,2376.0606060606065,9898.3,-13.7,2453.3,0.24501148506940978,-1669.2,-447.7,19916.6,20117.777777777777,539996.2,5856.2,17047.0,0.032087238438279264,-315.7,1922.3,508.6,0.0,140746.5,142168.18181818182,842827.9797979797,422446.4646464646,0.018645930930989308,0.9782364497971513,265637.3,265771.5,-134.2,6398.0,271.0,41.53977805564239,-3.2306383491081623,6394.769361650892,6669.0,0.04063577747788274,57761.3,26503.3,3410.1,0.0,87674.6,240593.6,138009.2,64635.6,20901.7,17047.0,68228.9,67500.5,55401.3,56129.7,5523.7,922.9,978.3,-63554.6,156.1,156.1,410649.0,384145.7,377633.41630618233,107017.1,13929.600000000002,36792.5,14353.2,16787.6,13213.8,5760.8,-16393.8,-21886.5,-21377.9,21377.9,0.10751130881463074,0.06899283266739677,0.178350332416135,506230.9,0.524735451747414,0.5568965996768805,158.387572,13.0,1922.0,0.0,0.0,0.0,0.0,0.0,0.0,0.0,-891.6818181817653,78950.09999999986,1725205.3,32141.000000000186,188092.30000000005,1284826.4828530634,1695958.5159186532,880597.7999999999,331991.49999999994,273168.4,485208.6,-356341.6,-399108.00000000006,-351903.8999999999,-406259.9,186309.4,0.0,-60369.799999999996,485208.6,331991.49999999994,880597.7999999999,1116427.4000000001,4022.2,-3240.8,9690.8,3397.0,18112.199999999997,-16454.2,-13101.0,-30665.499999999996,9287.6,0.0,-2524.2000000000003,3397.0,-3240.8,4022.2,25654.299999999996,490.9999999999536,-701.1000000000231,2933.9,-2218.4,10227.6,-22149.0,10408.4,-26309.800000000003,6397.1,0.0,12818.0,-2218.3999999999996,-701.1000000000231,490.9999999999536,5913.899999999977,1306983.3,-755449.6000000001,22242.700000000186,-351903.8999999999,-219950.50000000003,1638974.7999999998,331991.49999999994,17110.0,-3240.8,0.011923263946378247,0.009123727565314174,0.0048811621581914865,0.0158949339925571,0.02518273660723509,-3171.9150499139214,2479.475086323393,14663.795905471648,6614.899999999999,-16864.900779576827,20350.8,5997.5999999999985,1657.9999999999964,-12271.600000000006,12470.099999999995,-743.7000000000044,-13101.0,3292.7999999999993,-21377.899999999994,7.275957614183426e-12
2007,538485.5,527271.6,350664.7,344849.9,1.0168618288710538,624254.1,40112.8,41349.4,1.0308280648571029,94602.0,86992.4,1.0874743081004778,85768.8,82531.1,1.0392300599410405,1.021267786848372,0.996,94088.0,94465.86345381525,854975.1,9886.3,83398.9,0.0999507789851794,2250.2,1126.4,22179.5,22268.574297188756,421092.1,6637.1,25946.5,0.06204001702445113,-633.8,-2177.0,2431.2,2440.9638554216867,9824.8,-77.2,2427.5,0.24524413283089017,-2007.3,-808.4,18939.3,19015.36144578313,554070.0,12302.0,17167.5,0.0317918903873768,5.4,1859.0,385.6,0.0,137638.0,138190.76305220884,858408.734939759,422783.2329317269,0.015869801206058028,0.9937608677879521,267143.5,267280.1,-136.6,6431.0,255.0,41.56120354532732,-3.2867190636339934,6427.713280936366,6686.0,0.03813939575231828,58240.899999999994,28680.1,3070.9,0.0,89991.8,240036.4,139160.5,64054.6,19653.9,17167.5,69444.8,68318.3,57423.4,58549.90000000001,5467.5,528.8,1069.4,-65615.6,61.0,61.0,414947.8,386267.7,379862.52314028185,108183.1,15218.900000000005,35664.0,15027.7,16454.6,12824.499999999998,5072.5,-15720.4,-24337.6,-23952.0,23952.0,0.10815685844837046,0.07424928359270008,0.17784476046458414,507179.9,0.5267233579248705,0.5592352748085104,165.822748,14.0,2282.1,1.0,0.0,0.0,0.0,0.0,0.0,0.0,-343.16305220883805,240055.5,1644194.7000000002,35775.70000000014,165982.90000000002,1202820.8408195635,1616930.298018392,885082.3,326722.2,188301.0,476441.5,-358004.89999999997,-256914.7,-388087.1,-383828.4,140063.7,0.0,-71450.0,476441.5,326722.2,885082.3,1132202.5000000002,5035.2,-5509.900000000001,8530.5,-2121.7,5796.5,-523.5999999999999,-10968.499999999998,-24247.0,295.0,0.0,-8301.9,-2121.7000000000003,-5509.900000000001,5035.2,29419.000000000004,-550.6999999998834,240.6000000000704,-93397.9,-6645.4,-7459.8,142716.9,-25214.7,46678.5,-46540.7,0.0,-2778.3,-6645.4,240.6000000000704,-550.6999999998834,-13643.899999999954,1223102.6,-614919.6,25950.90000000014,-388087.1,-243764.7,1549824.8,326722.2,11444.0,-5509.900000000001,0.01106371689954708,0.008846353262802467,0.006338267878525206,0.012713851889714056,0.023861077482962997,-2696.038866690593,2541.977421449905,13770.069518563547,6595.9000000000015,-16822.889666990835,16953.9,1926.2000000000007,5272.9,-9946.000000000005,12693.700000000004,-130.79999999999382,-10968.499999999998,4751.9000000000015,-23952.0,0.0
2008,516174.9,508262.0,345367.2,339214.8,1.018137180335292,597773.2,38927.1,40221.8,1.033259605775925,80651.2,78098.5,1.0326856469714527,81598.3,78965.3,1.0333437598540118,1.0155685453565289,1.001,88710.2,88621.57842157842,868735.8,10262.3,85211.8,0.09966582652524034,2434.4,1052.4,21934.4,21912.487512487518,423649.4,6509.5,25886.6,0.061474912495389965,-238.8,-3022.5,2569.5,2566.933066933067,9533.7,-484.4,2376.2,0.24185734060744238,758.7,-3.7,18318.9,18300.599400599403,563488.2,8349.1,17249.8,0.0311328893461115,-3448.2,1973.8,493.9,0.0,131533.0,131401.59840159843,867867.9320679322,423226.1738261739,0.015458613448221898,1.0091230329030556,265386.8,265523.7,-136.9,6399.0,275.0,41.49456165025786,-3.2992275265823725,6395.700772473418,6674.0,0.041204674857656574,52202.5,27880.3,1872.3,0.0,81955.1,217023.9,121308.2,63185.4,15280.6,17249.8,70650.2,68974.6,58020.9,59696.5,5600.4,842.9,1046.0,-67185.8,194.8,194.8,411138.3,383258.0,376430.6101401638,94046.9,6718.699999999997,38085.6,18934.899999999998,13980.0,12172.900000000001,-4148.6,-27889.5,-10688.5,-10194.6,10194.6,0.10113335615505518,0.07274551346612465,0.17856683331275175,482410.69999999995,0.550126272074811,0.5886299235808584,169.2368,15.0,2216.7,0.0,1.0,0.0,0.0,0.0,0.0,0.0,-414.69840159843443,366743.20000000007,1603152.0,24209.09999999979,124210.0,1158490.8426697147,1574593.3170538486,895477.4999999999,321417.2,136219.3,469223.0,-356406.6,-145586.0,-439278.19999999995,-324030.3,73339.8,0.0,-63973.1,469223.0,321417.2,895477.4999999999,1121931.7999999998,11723.699999999999,-7215.7,83.5,-5505.0,17058.4,-6381.6,-27587.0,-3897.7999999999993,-6296.8,0.0,12594.9,-5505.0,-7215.7,11723.699999999999,14426.4,-1328.500000000162,1910.6999999999998,-52165.2,-1713.5,-15460.100000000002,117710.3,-23604.1,63695.9,-60427.1,0.0,-5118.0,-1713.5,1910.6999999999998,-1328.500000000162,-24697.10000000016,1179502.5999999999,-501992.6,14675.39999999979,-439278.19999999995,-250690.5,1500919.7999999998,321417.2,6302.199999999999,-7215.7,0.008899609426255825,0.0068297527325855605,0.007222302404262264,0.02463191090272374,0.02226380363591333,-5825.969041975419,585.08654510614,12016.747296263675,6513.9,-13561.92936052011,13517.899999999998,-5417.0,10676.800000000001,3958.100000000004,13586.9,1413.9999999999982,-27587.0,302.5,-10194.599999999999,1.8189894035458565e-12
2009,497364.2,495875.6,341834.4,342771.9,0.9972649449969498,558713.9,39743.3,40021.0,1.0069873412625523,66348.8,71090.7,0.933297885658743,61349.8,70640.2,0.8684828185650664,1.0030019625890043,0.978,70736.9,72328.11860940694,837356.3,-18250.0,83866.4,0.09653844126142838,3360.7,6005.6,17392.3,17783.537832310838,403801.2,-12234.4,25006.1,0.05902545831529561,-354.8,-7917.5,2632.5,2691.717791411043,9672.1,-162.0,2332.1,0.24461646580026639,-1158.2,-116.7,19748.0,20192.229038854806,552051.0,-14383.3,16801.9,0.02981766077798968,-2336.3,2028.6,488.5,0.0,110509.7,112995.60327198364,856192.5357873212,412884.6625766871,-0.02887859631100622,0.9799809762077101,252538.2,252674.2,-136.0,6300.0,343.0,40.107015873015875,-3.390927922201792,6296.609072077798,6643.0,0.051633298208640675,43769.9,25558.4,1542.2,0.0,70870.5,215365.5,120938.8,62513.4,15111.3,16801.9,74224.8,66517.1,61029.0,68736.69999999998,6971.1,488.0,1047.9,-77243.69999999998,-597.8,-597.8,406086.1,380527.7,381571.3185438037,102847.9,29466.100000000002,38095.5,28265.9,14964.6,11290.6,-26216.8,-50329.700000000004,-16755.1,-16266.599999999999,16266.599999999999,0.08800372041252667,0.06716567545542677,0.17355697728423153,467903.7,0.5397225967651036,0.5737050114414532,170.952482,16.0,2559.7,0.0,0.0,1.0,0.0,0.0,0.0,0.0,-85.70327198359882,318993.30000000005,1630205.0999999999,47724.70000000003,78122.19999999995,1229767.3814291656,1634676.028851075,905515.2,316156.1,163960.6,473084.2,-314238.49999999994,-204124.50000000003,-473928.80000000005,-374708.10000000003,105103.1,0.0,-64939.2,473084.2,316156.1,905515.2,1165435.1,9747.099999999999,-4654.6,230.0,-404.2,37893.100000000006,-6597.200000000001,-45543.3,-24865.3,8598.8,0.0,-2231.6,-404.20000000000005,-4654.6,9747.099999999999,32515.500000000007,290.6000000000713,-606.5000000000346,27511.3,4265.4,4275.0,-51941.3,10892.699999999999,-25812.5,23164.5,0.0,1265.5,4265.400000000001,-606.5000000000346,290.6000000000713,10987.800000000107,1226403.9,-518363.0,38052.600000000035,-473928.80000000005,-269605.0,1542560.0,316156.1,9572.899999999998,-4654.6,0.008223053572154283,0.005270181407222572,0.007630049070662089,0.032808786559147166,0.023063447443965875,-3402.0237559250672,1096.5100610634545,10901.749046868688,6548.09999999998,-12733.945029746717,14227.499999999998,-14038.400000000003,31295.900000000005,1829.800000000003,16286.400000000012,4995.800000000012,-45543.3,4786.4000000000015,-16266.5,0.09999999999854481
2010,504873.7,512064.7,343709.8,348261.4,0.9869305067974802,575574.8,40264.2,40154.3,0.9972705281614935,76081.6,83833.4,0.9075332743274162,70701.1,79161.3,0.893127070929861,0.9859568527180257,0.97,76467.0,78831.9587628866,830371.8,-1468.1,81983.4,0.09790742602641192,3406.5,838.7,18400.5,18969.58762886598,398992.3,1040.3,24249.7,0.06005356100972459,2143.7,-2181.4,2447.2,2522.8865979381444,9655.2,-59.7,2404.4,0.24859130902285956,-3759.9,-187.6,18314.4,18880.824742268043,558107.1,4506.1,16764.4,0.03036748416360083,-2270.7,1530.2,480.5,0.0,115629.1,119205.25773195877,856053.4020618558,411332.26804123714,0.0025762677277828792,0.9825056695705553,251020.9,251154.8,-133.9,6302.0,328.0,39.853189463662325,-3.35983146648999,6298.64016853351,6630.0,0.04947209653092006,47645.2,24830.0,1332.3,0.0,73807.6,225281.8,131955.0,62238.2,14324.1,16764.4,75942.9,68137.9,60439.5,68244.5,6745.8,139.8,905.8,-76035.90000000001,-532.3,-532.3,403646.0,378816.0,383832.496199992,112291.1,38391.90000000001,34573.9,20498.500000000004,13490.5,7471.0,-22526.4,-44641.7,-18262.1,-17781.6,17781.6,0.09437053266985386,0.0655463338401757,0.17906160313690697,476302.69999999995,0.527019687270301,0.5586329438926125,179.340809,17.0,2932.8,0.0,0.0,0.0,1.0,0.0,0.0,0.0,-338.2577319587581,347284.0,1647312.4000000001,42488.89999999989,31187.79999999993,1264851.0623617368,1669127.044563059,914175.9,310655.10000000003,168501.0,476298.3,-283187.60000000003,-199900.2,-526919.3,-367942.6,99728.7,0.0,-68329.5,476298.3,310655.10000000003,914175.9,1180982.2999999998,9009.300000000001,-5044.9,2560.0,4977.9,37702.0,-5014.3,-41000.6,-21561.4,3779.7,0.0,-1325.3999999999999,4977.9,-5044.9,9009.300000000001,24860.000000000004,-348.59999999993124,-456.09999999994216,1980.4,-1763.8,-6651.099999999999,9238.6,-11989.9,28326.899999999998,-9154.1,0.0,-2064.9,-1763.7999999999997,-456.09999999994216,-348.59999999993124,-9312.79999999999,1248320.1,-483087.80000000005,32833.699999999895,-526919.3,-268213.89999999997,1558975.2,310655.10000000003,16547.2,-5044.9,0.008292714782789614,0.004642125624205106,0.008308672694281649,0.014010567080384763,0.022751129714329923,-2077.9448251087742,3168.219015159877,8387.208016074543,6707.9000000000015,-12267.01284273183,21592.1,1093.599999999995,32687.7,-5704.200000000008,4502.500000000004,-2968.4999999999964,-41000.6,3641.0999999999985,-17781.7,-0.10000000000218279
2011,500046.2,514686.7,346284.4,351865.1,0.9841396603414208,578467.9,40415.2,40097.3,0.9921341475484473,73252.3,82634.4,0.8864625386037777,78421.7,83257.1,0.9419220703099194,0.9715545398783376,0.967,79303.8,82010.13443640125,824503.6,-4710.1,80461.9,0.09689864227084782,4903.9,2961.6,19138.5,19791.623578076527,391561.0,-2911.0,23658.8,0.059296382411389896,-278.6,-3891.4,2250.8,2327.6111685625647,9363.8,-154.6,2387.6,0.24728643632446762,-1555.5,-479.8,18140.8,18759.875904860393,561536.5,2053.6,16765.0,0.03003903731022236,-2813.7,1409.6,-256.1,-0.0,118833.90000000001,122889.24508790074,852640.7445708376,404923.474663909,-0.007295880146057957,0.9753374259625461,251847.9,251977.0,-129.1,6285.0,298.0,40.09180588703262,-3.2201093750620093,6281.779890624938,6583.0,0.045268114841257784,48269.1,25127.9,2129.2,0.0,75526.3,214750.8,124806.5,59862.3,13317.0,16765.0,76733.0,69860.5,63288.9,70161.4,6358.8,-251.5,786.9,-77055.59999999999,-835.8,-835.8,404999.9,379872.0,385993.9958808424,103898.2,26536.699999999997,32751.8,17226.100000000002,11770.0,8443.5,-21955.1,-44319.19999999999,-8191.8,-8447.9,8447.9,0.09652928069446383,0.06614833417572236,0.18441802880554148,466598.69999999995,0.5397526825514087,0.5784441273617742,186.275398,18.0,3360.8,0.0,0.0,0.0,0.0,1.0,0.0,0.0,139.85491209925385,360813.5,1660377.2999999998,62680.99999999984,-11203.400000000023,1289264.4724426798,1687135.8475929897,932018.6,309169.89999999997,165880.6,480087.0,-265896.9,-197793.19999999998,-572739.9,-380395.80000000005,98053.1,0.0,-66140.5,480087.0,309169.89999999997,932018.6,1222393.4,18464.300000000003,-803.8000000000001,-3219.7,2112.9,17616.8,2969.5,-41116.700000000004,-7367.100000000002,-1080.8,0.0,1331.0,2112.9,-803.8000000000001,18464.300000000003,30866.999999999993,-621.6000000000495,-681.4000000000698,599.3,1675.8,-326.0999999999999,-862.5,-4703.9000000000015,-5086.1,-594.8,0.0,858.0,1675.8,-681.4000000000698,-621.6000000000495,10544.100000000022,1268816.2999999998,-463690.1,53317.19999999984,-572739.9,-282342.70000000007,1577986.2,309169.89999999997,17357.500000000004,-803.8000000000001,0.004441327673074335,0.0046472829340760535,0.00793972970976878,0.017677821232795165,0.0225730387868275,-6558.786920520884,3130.0694444527617,8283.82129748634,7284.499999999993,-12724.871496696058,18161.300000000003,935.2000000000007,20586.3,-5950.399999999998,10816.99999999999,2373.499999999991,-41116.700000000004,3202.4999999999854,-8447.900000000001,-1.8189894035458565e-12
2012,499420.6,517919.3,349919.7,358105.5,0.9771413731428309,581447.2000000001,40430.1,39520.6,0.9775043841098587,72690.8,81504.7,0.8918602240116215,82026.5,86437.3,0.9489711039100018,0.9642826594799614,0.963,79270.8,82316.5109034268,821372.8,-2281.2,80120.4,0.09717410572858626,3912.7,-671.8,19808.8,20569.88577362409,385535.2,-2568.4,23266.2,0.05941909434289932,-259.0,-190.6,2237.0,2322.949117341641,9181.2,-94.8,2324.8,0.24827527285930928,-1562.7,-449.6,17999.5,18691.069574247143,561641.1,-1150.2,16744.7,0.029819432930895857,-2462.1,1311.9,371.0,0.0,119316.1,123900.41536863967,852931.2564901351,400348.07892004156,-0.006559386660060629,0.9689398106616296,251307.7,251431.0,-123.3,6286.0,280.0,39.99856824689787,-3.0826103384228674,6282.9173896615775,6566.0,0.042643923240938165,48879.7,26013.3,2756.0,0.0,77648.9,215015.4,125623.2,60111.0,12536.5,16744.7,77087.1,71371.3,64284.8,70000.60000000002,7137.8,-949.5,704.0,-76892.90000000002,-1278.7,-1278.7,405173.7,379160.4,388030.2384295597,103486.4,28800.09999999999,27962.0,8084.800000000001,10422.6,7072.500000000001,-18832.8,-40606.3,-4249.5,-3878.5,3878.5,0.0978728150180429,0.06860763940538094,0.18788249726223571,466323.1,0.5389132556375612,0.5771628758653907,192.51113,19.0,3697.7,0.0,0.0,0.0,0.0,0.0,0.0,0.0,415.88463136029895,320629.0,1716067.5999999999,83396.69999999988,-29376.399999999907,1361658.0328806865,1756212.1993468783,947145.4999999999,310380.89999999997,199637.6,494130.2,-246927.60000000003,-253816.2,-591017.4999999999,-438744.60000000003,129455.7,0.0,-75277.09999999999,494130.19999999995,310380.89999999997,947145.4999999999,1280387.4,12635.3,1596.9,-200.3,4571.2,25689.6,-3020.4,-36738.700000000004,-9365.400000000001,5486.9,0.0,-2266.2,4571.200000000001,1596.9,12635.3,20414.5,2491.5999999999076,-385.9000000000001,33957.3,9472.0,-6720.299999999999,-53002.600000000006,18461.1,-48983.4,25915.7,0.0,-6870.4,9472.0,-385.9000000000001,2491.5999999999076,37579.4999999999,1330532.4,-500743.80000000005,74215.49999999988,-591017.4999999999,-309288.9,1640913.2999999998,310380.89999999997,17006.2,1596.9,0.003768375608605014,0.004819562028462448,0.007225166767481504,0.02192946976943595,0.02282232178750935,-7043.750483334559,6334.126396964013,5717.152900280106,7734.5000000000255,-13295.912657518216,15409.300000000001,7324.5,22669.199999999997,-6130.899999999994,2538.7000000000007,-4533.8,-36738.700000000004,3867.5999999999985,-3878.500000000002,-1.8189894035458565e-12
2013,512677.5,532072.3,360207.4,367943.9,0.9789736968054097,610204.8,41113.5,40007.9,0.9731085896360077,83015.1,85086.2,0.9756588024850095,97527.3,92484.7,1.0545236130949227,0.9635485628550856,0.976,82360.9,84386.16803278688,837556.2,15037.0,81214.5,0.09887653937408201,3324.3,-2823.5,21624.0,22155.737704918032,395288.5,11620.3,23491.0,0.060930882575702554,-266.3,1496.1,2546.6,2609.22131147541,9357.2,-44.3,2326.3,0.25337646495011545,-1917.2,-50.4,20442.9,20945.594262295082,577527.7,12430.4,16986.7,0.030244759509231077,-1724.6,1377.8,583.8,0.0,126974.4,130096.72131147541,858151.844262295,405008.70901639346,0.030140697918114866,0.9981443327956172,253577.4,253705.1,-127.7,6338.0,256.0,40.02920479646576,-3.190170792782644,6334.809829207217,6594.0,0.038823172581134366,51775.7,27832.3,3245.0,0.0,82853.1,224887.1,133519.8,61447.5,12933.3,16986.7,77453.8,72576.9,65434.3,70311.20000000001,6320.9,-737.6,1218.8,-77113.3,-1057.3,-1057.3,409604.7,381772.4,389972.07100231707,111019.4,34806.3,20507.7,-2878.6999999999994,10864.3,6450.899999999999,-13673.3,-37218.6,-2392.9,-1809.1000000000001,1809.1000000000001,0.1009907788034388,0.0729028604477432,0.1914147679979238,478464.5,0.5299816391811722,0.567878414848553,199.049648,20.0,3272.7,0.0,0.0,0.0,0.0,0.0,0.0,0.0,316.67868852464017,308830.69999999995,1757681.8,85923.20000000029,-13642.5,1391654.6526691846,1795433.1211713587,959609.5000000001,314670.5,220874.1,496580.2,-221184.69999999995,-307540.8,-591170.2,-478263.30000000005,162472.4,0.0,-75805.7,496580.2,314670.5,959609.5000000001,1293890.9000000004,12523.8,5161.7,-1784.4,-122.3,30950.7,-5056.299999999999,-32377.000000000004,-13954.400000000001,12145.3,0.0,-5304.6,-122.29999999999995,5161.7,12523.8,15380.700000000004,-59.79999999976644,-872.0999999999649,23020.9,2572.3,-5207.799999999999,-48668.3,32224.3,-25564.3,20871.4,0.0,4776.0,2572.3,-872.0999999999649,-59.79999999976644,-1877.1999999998015,1362393.3,-528725.5,76566.00000000029,-591170.2,-315790.9,1677063.8,314670.5,10617.1,5161.7,0.003001533436257144,0.00763878406142298,0.007377909102996057,0.009171203414124075,0.02216824634478929,-7146.706910506051,9282.682961292507,5322.969104543315,7878.299999999999,-16013.46165448585,5455.400000000001,8334.1,25894.4,-8911.900000000001,2836.3000000000056,-3614.599999999993,-32377.000000000004,4841.599999999995,-1809.1000000000022,-2.0463630789890885e-12
2014,523422.8,530195.3,360755.7,360980.9,0.9993761442779936,625454.1,40948.5,40924.7,0.9994187821287714,92572.1,92643.3,0.9992314608827622,102031.1,96071.3,1.0620351759578563,0.9872264050624363,0.996,87933.2,88286.3453815261,852207.0,9483.4,82765.8,0.09881820467689213,2885.1,-717.0,20245.2,20326.506024096387,403339.2,11729.1,23923.6,0.06052187199981785,-991.4,-535.3,2464.1,2473.995983935743,9886.8,467.7,2402.2,0.25672209635361004,-2768.0,60.6,20559.1,20641.666666666664,598010.8,17513.8,17589.8,0.030457067254090153,603.7,1191.8,270.7,0.0,131201.6,131728.5140562249,855629.5180722892,404959.0361445783,0.029672252038700848,1.0277615230093298,258324.8,258435.2,-110.4,6381.0,233.0,40.50073656166745,-2.725876351209123,6378.274123648791,6614.0,0.03522830359842758,58461.6,28075.0,4304.9,0.0,90841.5,225100.7,133863.7,60459.8,13187.5,17589.8,76911.2,74895.0,66398.8,68415.0,6515.1,-453.3,1771.2,-76248.0,-550.2,-550.2,410930.4,382855.4,383094.3956307829,111886.1,27555.000000000007,21549.5,848.1999999999992,11125.7,5833.0,-5631.2,-26778.399999999998,-8703.1,-8432.4,8432.4,0.11169096951833203,0.07333055769880743,0.19617709399631822,483425.5,0.5343632059128035,0.5785749519954081,205.992993,21.0,3510.5,0.0,0.0,0.0,0.0,0.0,1.0,0.0,-34.61405622493476,255831.5,1836273.3,100458.89999999951,4305.40000000014,1433828.602177845,1837419.5847216554,980728.7999999999,317832.19999999995,255147.5,514890.0,-203738.39999999997,-392637.1,-593705.3999999999,-543340.2,213425.4,0.0,-75935.8,514890.0,317832.19999999995,980728.7999999999,1344294.4999999995,20425.800000000003,3350.7999999999997,-807.3,2838.1,19807.299999999996,-1131.3000000000002,-23655.399999999998,-17016.5,8584.1,0.0,-6645.5,2838.1,3350.7999999999997,20425.800000000003,20864.60000000002,693.4999999998108,-189.1000000000463,35080.7,15471.7,-2361.000000000002,-83965.0,21120.200000000004,-48060.4,42368.9,0.0,6515.400000000001,15471.699999999999,-189.1000000000463,693.4999999998108,29538.999999999858,1432934.1,-596375.5,90572.09999999951,-593705.3999999999,-329914.79999999993,1750766.2999999998,317832.19999999995,22456.600000000002,3350.7999999999997,0.004471164709346763,0.007021629652376318,0.006991346213121863,0.008600484878754295,0.022301332191658065,-5751.519388426532,10169.77564284153,4802.95632717962,7471.8,-17691.65826471599,19105.800000000003,18257.600000000002,18675.999999999996,-8879.000000000011,-5693.999999999984,-11526.999999999984,-23655.399999999998,3123.0,-8432.4,0.0
2015,540740.8,539413.5,364798.3,364953.6,0.9995744664527217,633867.7999999999,41305.8,41327.9,1.0005350338209162,92009.6,93616.7,0.9828331910866331,93126.8,96499.5,0.965049559842279,1.0024606354865053,0.998,92745.3,92931.1623246493,862123.4,1148.3,83977.2,0.0985408474701569,2477.9,233.2,20662.8,20704.208416833666,400787.6,597.8,23812.2,0.05903765366718633,-1113.1,-1267.7,2559.2,2564.3286573146293,10028.7,54.8,2472.1,0.25004045798438324,-5674.9,-8.9,19764.7,19804.30861723447,603508.7,3622.9,17889.7,0.02991534601047339,3609.3,1043.4,700.9,0.0,135732.0,136004.00801603205,863851.1022044088,401590.78156312625,0.0014821272021167294,1.029284796319871,261892.1,262003.5,-111.4,6414.0,218.0,40.84869036482694,-2.7271376145738513,6411.272862385426,6632.0,0.03287092882991556,61645.7,28773.1,4332.1,0.0,94750.9,237727.4,145267.5,61958.1,12612.0,17889.7,77767.3,76713.4,68850.5,69904.4,7030.9,-923.4,1748.1,-77760.0,-930.9,-930.9,418746.5,389973.4,390139.4174102237,123041.3,32540.7,24244.2,3736.0000000000014,9969.6,1744.4000000000005,-2080.3,-19279.100000000002,-18295.7,-17594.8,17594.8,0.11400230942440444,0.0737822118123954,0.2003717330355011,499619.5,0.524183103341643,0.5673261164695187,212.96872,22.0,3421.7,0.0,0.0,0.0,0.0,0.0,0.0,0.0,32.89198396797292,317615.6,1830417.1,136132.7,-65852.90000000014,1430238.1142982298,1831196.3354723966,991431.8999999999,323381.5,243785.1,517794.0,-187252.40000000002,-357255.4,-669361.6000000001,-519064.79999999993,180622.4,0.0,-67152.1,517794.0,323381.5,991431.8999999999,1379100.5,12829.800000000001,6034.799999999999,-3052.2,5345.4,15101.400000000001,3770.7,-14398.800000000003,-14328.400000000003,-3266.4,0.0,2547.9,5345.400000000001,6034.799999999999,12829.800000000001,13625.80000000001,-2126.7000000000244,-485.4999999999527,-8310.2,-2441.4,1384.5999999999985,31611.0,-61257.4,38603.8,-29536.6,0.0,6235.799999999999,-2441.3999999999996,-485.4999999999527,-2126.7000000000244,21180.19999999993,1429629.5,-544507.8,126104.0,-669361.6000000001,-338442.3999999999,1753011.0,323381.5,15123.000000000002,6034.799999999999,0.004651151531436502,0.005774912912457886,0.006749416160114352,0.008684609783436159,0.020554681582473925,-3898.394308692572,9927.943525280687,5679.944529697508,8517.800000000014,-19104.436867166896,9088.200000000003,5352.200000000001,18872.100000000002,-13668.599999999999,4033.3000000000093,2288.9000000000087,-14398.800000000003,4880.299999999999,-17594.800000000003,-3.637978807091713e-12
2016,544829.9,543479.1,363301.8,364350.9,0.9971206328843979,629644.2000000001,41966.7,41832.5,0.9968022265272228,89244.3,96831.6,0.9216443805534557,84814.3,96053.9,0.8829865315203236,1.0024854681624373,0.991,92002.6,92838.14328960647,865999.4,-3515.0,84611.6,0.09814325884206368,3173.4,1365.0,21147.1,21339.152371342076,398401.4,45.3,23578.6,0.05883066242568383,-1462.8,-2319.6,2502.2,2524.9243188698283,10047.4,5.5,2489.0,0.2481877012972768,-5395.7,17.7,19613.7,19791.826437941476,609769.5,4633.6,17986.5,0.029803215761429788,3436.6,936.9,248.5,0.0,135265.6,136494.04641775985,873864.1775983855,402019.5761856711,0.00011302744895301151,1.0294011337546451,268144.7,268251.3,-106.6,6486.0,203.0,41.35851063829787,-2.5774622527458395,6483.422537747254,6689.0,0.03034833308416804,61086.2,29185.7,3964.1,0.0,94236.0,233660.8,144442.1,59815.2,11416.9,17986.5,78054.7,78432.1,68850.0,68472.6,7130.6,-811.5,1907.0,-76698.70000000001,-716.9,-716.9,420704.3,391518.6,392649.181140143,120805.4,30611.19999999999,27499.8,7209.500000000001,9538.8,1623.1999999999998,-1773.1,-18887.100000000002,-21677.1,-21428.6,21428.6,0.11211976435214,0.07454486198101444,0.2011216662469799,501805.5,0.5343598266659094,0.5801754084528862,220.221398,23.0,3424.0,0.0,0.0,0.0,0.0,0.0,0.0,0.0,-110.24641775980126,278207.0000000001,1856948.6999999997,128615.49999999997,-51939.80000000005,1462759.1205096424,1862310.9769861584,1016110.7999999999,329616.20000000007,253545.7,518507.0,-189936.2,-397856.19999999995,-661709.3,-530005.8,205816.1,0.0,-61505.6,518507.0,329616.20000000007,1016110.7999999999,1385075.2999999998,24602.5,6686.6,-5657.3,5535.7,10593.9,-1908.3000000000002,-13052.800000000001,-23129.0,1700.4,0.0,5865.200000000001,5535.7,6686.6,24602.5,25587.899999999987,76.40000000002328,-451.8999999999305,15417.9,-4822.7,-13277.7,-38692.5,20705.1,12188.0,23493.3,0.0,-218.70000000000005,-4822.7,-451.8999999999305,76.40000000002328,-19613.10000000005,1458547.2999999998,-587792.3999999999,118568.09999999998,-661709.3,-324189.70000000007,1788163.5,329616.20000000007,24480.9,6686.6,0.004818273755184966,0.005913847681030239,0.005693436679822998,0.012417167102302725,0.0190863548051928,-7005.5556254198455,8511.479676248448,6332.915645848764,9053.400000000014,-17786.93417395244,17794.300000000003,10584.800000000003,8685.599999999999,-21925.59999999999,8001.499999999983,6378.299999999983,-13052.800000000001,5834.300000000001,-21428.6,0.0
2017,555712.5,553173.5,369343.2,368500.8,1.0022860194604735,650360.4,41178.4,41369.5,1.0046407825461892,98692.3,102964.9,0.9585043058362608,94647.9,99688.2,0.9494393518992218,1.0045898800285986,1.004,96863.3,96477.39043824702,884008.4,7214.9,86069.2,0.0993871358340433,3010.7,1853.9,20996.9,20913.247011952193,402794.7,7112.2,23715.8,0.05952740125913212,-1732.1,-2490.1,2562.6,2552.390438247012,10163.6,59.6,2506.0,0.2494177598184605,-2844.5,-266.8,20532.6,20450.796812749002,621684.3,9746.4,18364.2,0.030116626036559718,1260.3,903.0,305.4,0.0,140955.40000000002,140393.82470119523,880486.454183267,401189.94023904385,0.017851844898135398,1.0477778431323976,273598.0,273710.4,-112.4,6580.0,184.0,41.59732522796353,-2.702096814735574,6577.297903185265,6764.0,0.027202838557066823,63331.4,30354.7,4551.9,0.0,98238.0,237358.5,148712.7,59482.4,10799.1,18364.2,78076.6,80308.1,70467.4,68235.9,7283.6,-547.0,1965.0,-76937.5,-418.9,-418.9,426190.3,395835.6,394932.77598851145,122285.2,26578.699999999993,26073.5,5834.5999999999985,8938.3,3797.999999999999,3866.5,-16308.8,-22399.5,-22094.1,22094.1,0.11396432507816542,0.0766851187715304,0.20511950134680704,510956.5,0.5354624121622877,0.5823649483248287,228.555779,24.0,3458.6,0.0,0.0,0.0,0.0,0.0,0.0,0.0,-176.22470119525678,217921.90000000002,1912297.2999999998,146418.79999999996,-43971.99999999988,1506059.7181756152,1907935.7218106082,1034967.6,337297.2,291366.6,520465.6,-181750.4,-484336.1,-665656.2999999999,-544464.2,233907.8,0.0,-40938.3,520465.6,337297.2,1034967.6,1395329.5,19619.899999999998,8090.8,-4582.3,2665.8,23295.5,-3151.7,-10056.699999999997,-23832.0,1738.0,0.0,5996.0,2665.8,8090.8,19619.899999999998,10593.200000000003,-763.0999999999513,-409.8000000000584,42403.2,-707.2,-15109.699999999999,-83328.2,6109.7,9373.599999999999,26353.7,0.0,14571.3,-707.1999999999999,-409.8000000000584,-763.0999999999513,-338.9999999998927,1509502.5999999999,-666086.5,136255.19999999995,-665656.2999999999,-310556.39999999997,1846799.7999999998,337297.2,17703.399999999998,8090.8,0.0050270172708788185,0.005869304577684013,0.004486249134876361,0.014696264630286024,0.019078430956573394,-8207.310272093819,8196.525296928769,8676.16405650768,9338.699999999997,-20214.87340853447,9612.599999999999,3778.0,20143.8,-6434.899999999994,2394.3000000000056,-1403.6999999999935,-10056.699999999997,6252.100000000002,-22094.0,0.09999999999854481
2018,556570.5,554532.0,371838.0,369679.5,1.0058388414829602,658480.9,41356.4,42025.3,1.0161740383592384,101161.2,104999.5,0.9634445878313705,101910.4,102698.8,0.9923231819651251,1.0036760727965204,1.015,99833.2,98357.83251231528,902565.2,6594.2,87870.6,0.09940018669505855,2942.6,2249.7,20238.0,19938.916256157638,403525.5,4311.9,23819.1,0.05913459139358089,-2012.8,-3613.5,2496.5,2459.6059113300494,10231.0,100.2,2529.3,0.24885867212405055,-1755.1,-187.8,20888.7,20580.000000000004,633522.4,9646.6,18697.2,0.030075071865253794,660.4,1551.6,164.9,0.0,143456.4,141336.35467980296,889226.7980295566,397562.0689655173,0.010704957140697233,1.0589942600361022,282308.9,282424.0,-115.1,6701.0,167.0,42.1465452917475,-2.730947440727417,6698.2690525592725,6868.0,0.024315666860803727,65204.5,31177.1,4416.6,0.0,100798.1,231994.7,144486.5,57147.7,11663.4,18697.2,78521.8,82426.9,70767.2,66862.1,6912.3,-630.1,1578.7,-74723.0,-390.4,-390.4,431506.9,400329.8,398005.90660206863,117061.1,17920.800000000007,28101.4,9464.100000000002,9726.2,5662.4000000000015,8635.0,-13144.900000000001,-19383.7,-19218.8,19218.8,0.11715407122727489,0.07787853914447537,0.20823518652693188,514303.60000000003,0.5489148821824308,0.5940262335976582,236.436701,25.0,3529.6,0.0,0.0,0.0,0.0,0.0,0.0,0.0,-140.95467980287503,278218.6,1903515.7000000002,170682.19999999995,-44270.79999999993,1491282.8359148342,1892465.8916467659,1059360.8,344417.8,259722.4,525324.8,-177556.19999999998,-446790.4,-677793.2,-573343.2999999999,218571.3,0.0,-31503.3,525324.8,344417.8,1059360.8,1432222.3,25422.8,7518.299999999999,-2468.5,3773.5,8938.9,-4623.1,-9938.400000000003,-19853.9,635.0,0.0,6456.6,3773.5000000000005,7518.299999999999,25422.8,20853.399999999994,-1029.5999999999294,-397.70000000002256,-29175.7,1085.7,-4744.700000000001,42168.8,-2198.499999999999,-9025.2,-15971.5,0.0,2978.3999999999996,1085.7,-397.70000000002256,-1029.5999999999294,16039.400000000092,1499990.2000000002,-624346.6,160451.19999999995,-677793.2,-354771.99999999994,1844408.0,344417.8,26727.8,7518.299999999999,0.006760963781178235,0.005229404519743172,0.0036695558468276164,0.012029869340732607,0.01906792687163186,-4758.222425236527,8420.697871746495,10099.086637789249,8874.300000000003,-21967.778225557064,19209.5,9745.399999999998,4315.799999999999,-13605.000000000007,5631.999999999996,-30.400000000005093,-9938.400000000003,3206.499999999998,-19218.9,-0.10000000000218279
2019,556800.7,550117.2,372637.9,368308.5,1.0117548196688375,654516.4,42264.3,43123.5,1.020329214017504,95656.1,102590.0,0.9324115410858759,97715.6,102943.7,0.9492139878399554,1.0121492292915037,1.023,97373.1,95183.87096774195,918606.9,8032.4,89363.8,0.09901090802082775,2602.0,3112.4,21150.3,20674.780058651028,410866.6,10008.5,23817.7,0.059024026982185764,-2030.4,-4179.5,2532.8,2475.8553274682313,10437.6,215.2,2541.4,0.24840191574626136,-1191.9,-36.6,22042.7,21547.11632453568,656837.5,20301.0,19028.6,0.03003619130120734,159.9,1103.7,460.4,0.0,143098.90000000002,139881.6226783969,897953.9589442817,401629.13000977517,0.02480264568162359,1.0852601194466507,287887.9,287994.7,-106.8,6760.0,162.0,42.60276627218935,-2.5068794668790777,6757.493120533121,6922.0,0.023403640566310314,64614.2,30356.4,4760.0,0.0,99730.6,227412.1,140115.0,56246.2,12022.4,19028.6,79518.1,83912.6,74636.0,70241.5,6571.6,-885.5,1158.3,-77085.90000000001,-796.7,-796.7,438600.3,408243.9,403500.82061741437,112668.7,14785.199999999992,34809.3,15808.100000000004,10450.7,6762.6,5646.7,-17339.8,-18671.2,-18210.8,18210.8,0.11604547192559206,0.07435849010848662,0.2096086776452815,515300.0,0.5586801862992432,0.6036745950078576,239.942193,26.0,4291.7,0.0,0.0,0.0,0.0,0.0,0.0,0.0,16.477321602986194,376404.1,1876034.2999999998,146464.6,-38143.69999999995,1448145.016476987,1854238.0659121089,1082080.2,350996.60000000003,209874.6,524209.5,-168312.4,-373890.4,-694981.2,-554463.1,194744.1,0.0,-30728.3,524209.5,350996.60000000003,1082080.2,1422048.4,24601.600000000002,6490.599999999999,-2376.9,952.3,8307.9,-62.40000000000009,-12561.3,-19762.8,1552.0,0.0,887.3000000000002,952.3,6490.599999999999,24601.600000000002,24016.2,-1882.2000000000953,88.20000000004711,-47470.9,-2067.6,935.9000000000005,72962.4,-4626.7,38643.0,-25379.2,0.0,-112.30000000000018,-2067.6000000000004,88.20000000004711,-1882.2000000000953,-34190.100000000144,1465167.6999999997,-542202.8,136027.0,-694981.2,-359719.0,1816164.3,350996.60000000003,23177.0,6490.599999999999,0.005759831849801891,0.004214285836387019,0.003703841197430953,0.014300441549326033,0.018133352927560242,-3863.5476081494417,5516.654999749269,13359.091385338987,9584.10000000001,-22803.950841255766,16686.4,878.2999999999975,8245.5,-6539.699999999992,5840.199999999996,-922.4000000000042,-12561.3,4778.5,-18210.8,0.0
2020,538787.8,528657.0,358522.3,354649.6,1.0109197923809867,623599.0,44534.6,44672.4,1.0030942233678983,84403.4,92347.6,0.9139750247976124,84811.3,96470.7,0.8791405058738042,1.019163275999372,1.02,90606.5,88829.90196078431,914623.2,-4179.5,90410.7,0.09842153373766296,3580.3,2558.3,19565.5,19181.86274509804,404354.8,-2035.0,24042.3,0.058516073100125444,-1977.8,-3557.4,2574.3,2523.823529411765,10343.6,-98.6,2569.7,0.2461964436268874,343.6,-183.5,23254.6,22798.62745098039,656877.4,-3844.4,19370.3,0.029490246826650426,-2155.2,1182.6,209.1,0.0,136000.9,133334.2156862745,896689.4117647058,396426.2745098039,-0.004952945797979199,1.079884884898323,283444.9,283549.6,-104.7,6702.0,199.0,42.30820650552074,-2.474697195834521,6699.525302804165,6901.0,0.028836400521663526,66408.8,30816.9,4726.8,0.0,101952.5,209149.8,125025.1,53388.6,11365.9,19370.3,80518.5,83308.5,93041.4,90251.4,19066.2,-45.4,2448.8,-111721.0,-1012.4,-1012.4,452021.3,421204.4,416654.61807603046,107030.0,17445.5,61669.7,43683.799999999996,11064.3,9017.1,-27286.3,-53878.69999999999,-16934.3,-16725.2,16725.2,0.12325594603292798,0.07316376562068203,0.2040655108380064,492594.7,0.5754119969216072,0.6293712943216797,238.936911,27.0,5093.5,0.0,0.0,0.0,0.0,0.0,0.0,1.0,261.6843137255637,198103.5,2005623.2,180732.4000000004,-21614.40000000014,1583971.7572732295,1983958.782008037,1140479.8,364367.4,289997.1,535158.9,-161568.50000000003,-554951.2,-678491.8000000002,-649146.1,277593.9,0.0,-12639.800000000003,535158.9,364367.4,1140479.8,1494299.9000000004,54345.799999999996,14142.5,2414.7,-713.9,16879.9,-2042.6000000000001,-51811.700000000004,-17062.899999999994,337.7,0.0,-709.8000000000002,-713.9000000000001,14142.5,54345.799999999996,51994.7,4053.8000000000975,-771.7000000000116,77707.8,11663.3,-10135.999999999998,-179018.19999999998,68301.1,-77620.1,82512.1,0.0,18798.3,11663.3,-771.7000000000116,4053.8000000000975,20256.800000000112,1601268.4,-716519.7,170388.8000000004,-678491.8000000002,-371552.19999999995,1965635.7999999998,364367.4,56046.59999999999,14142.5,0.005228939609452091,0.002984350411150943,0.003812426325565024,0.021304639006511,0.01809448321711072,-8256.59759884156,6121.697410364228,13084.513890123002,10358.400000000005,-21781.60947691261,41904.09999999999,-1779.7000000000044,14837.300000000001,-2608.199999999999,11795.499999999998,2778.399999999998,-51811.700000000004,2066.9999999999854,-16725.199999999993,7.275957614183426e-12
2021,554582.4,544672.3,370978.8,363275.1,1.0212062428721373,665079.8,44577.1,45737.5,1.0260313030681674,103842.4,103901.3,0.9994331158512934,110497.3,103509.0,1.0675139359862427,1.0181946098599102,1.058,98315.7,92925.99243856332,957178.3,37102.6,92863.2,0.10153164713075287,2852.3,4495.3,21049.4,19895.46313799622,435144.5,34760.3,25020.0,0.061876352154098334,-2531.9,-5437.6,2576.2,2434.971644612476,10651.6,327.6,2595.8,0.25095711357747785,-475.6,-151.4,22579.8,21341.96597353497,683927.0,24488.7,20018.9,0.030475854398400677,-215.4,1093.7,370.7,0.0,144521.1,136598.393194707,904705.3875236295,411289.69754253305,0.08596485067074758,1.1727170277702046,289417.1,289526.4,-109.3,6706.0,191.0,43.174232031017006,-2.5316026448710716,6703.468397355129,6897.0,0.02769319994200377,72349.1,32554.1,5011.5,0.0,109914.7,217386.0,131622.3,53888.4,11856.3,20018.9,84489.3,85683.3,81274.2,80080.2,18517.7,-599.0,2214.3,-100213.2,-1482.2,-1482.2,449791.7,417237.6,408573.29546529346,114031.8,14073.100000000006,44776.5,26632.799999999996,14156.7,11256.3,-8604.1,-32493.000000000004,-20141.9,-19771.2,19771.2,0.13045689874038557,0.07802292986058783,0.20342451313424076,506803.1,0.5710641864661049,0.6249017558977441,252.749514,28.0,6425.6,0.0,0.0,0.0,0.0,0.0,0.0,0.0,-170.59319470694754,269444.0,2087238.5000000002,151744.69999999975,10748.0,1617786.8197843113,2043895.1627730483,1177018.8,372641.39999999997,310780.8,536935.8,-136746.60000000003,-550987.7,-673179.0,-696266.2,270418.0,0.0,-30211.100000000006,536935.7999999999,372641.39999999997,1177018.8,1512617.4,34791.8,8827.5,5966.7,-2328.9,10178.300000000001,3567.9999999999995,-31952.6,-22727.2,2956.0,0.0,-12490.7,-2328.8999999999996,8827.5,34791.8,44501.50000000001,1747.199999999997,-553.5000000000582,14817.0,4105.8,14643.600000000002,395.5,37265.4,-24392.9,-10131.9,0.0,-5080.599999999999,4105.8,-553.5000000000582,1747.199999999997,-26183.999999999945,1652094.0000000002,-687734.3,141093.09999999974,-673179.0,-425848.19999999995,2024735.4000000001,372641.39999999997,38429.6,8827.5,0.004969759191611893,0.002844826151898313,0.0018837486017834787,0.004710684470994927,0.018421257686268507,-8308.231997217954,10196.215164396446,15525.733832527296,9999.700000000003,-27734.635593195064,29602.1,2969.300000000003,13746.300000000001,-326.80000000000473,8375.4,-2880.8999999999996,-31952.6,540.4000000000051,-19771.2,0.0
2022,567268.9,552170.5,390525.7,372799.4,1.0475491645104578,713472.2000000001,43973.9,46920.4,1.0670056556275427,123431.9,108949.6,1.1329266009237298,146203.1,111067.2,1.3163481207773313,1.0273437280695004,1.108,106680.4,96281.94945848374,1006451.8,39825.0,97231.9,0.101581805605079,3368.1,4930.6,21039.0,18988.267148014438,443824.2,13630.0,25989.3,0.05972567733247232,-2349.0,-5681.1,2806.2,2532.671480144404,11115.2,339.2,2681.8,0.25177438131360547,-1048.1,-113.5,22068.6,19917.509025270756,713778.3,28714.5,20931.8,0.03060531314014507,-142.2,864.0,171.4,0.0,152594.19999999998,137720.39711191333,908350.0,400563.357400722,0.03132292836057907,1.209449959218282,296535.1,296640.8,-105.7,6728.0,178.0,44.090487514863256,-2.3973425098637815,6725.602657490136,6906.0,0.025774688676513176,73642.6,33406.6,5859.6,0.0,112908.8,225093.5,136818.7,53390.3,13952.7,20931.8,82455.2,88044.3,84192.7,78603.59999999999,11908.8,-562.2,2877.2,-92827.4,-876.5,-876.5,456188.2,422781.6,403591.1767421197,112161.5,3918.6000000000054,31379.5,13672.6,15656.0,11915.199999999999,2941.6,-20133.2,-9108.2,-8936.800000000001,8936.800000000001,0.12981956176338946,0.07901621073386354,0.21101717582499757,521628.6,0.5684793740220532,0.6182189189284841,261.578076,29.0,7168.5,0.0,0.0,0.0,0.0,0.0,0.0,0.0,-205.59711191337556,325054.30000000005,2116139.0,117359.60000000014,58025.60000000009,1596406.981796896,2020085.616686943,1195424.7,380286.3,324372.6,532803.8,-118760.6,-562636.9,-655752.7,-709281.5,275041.0,0.0,-36776.700000000004,532803.8,380286.3,1195424.7,1490963.3,19932.8,7705.1,5867.6,-4873.4,10892.000000000002,-2808.7,-19193.3,-12454.5,3517.7,0.0,-6576.599999999999,-4873.4,7705.1,19932.8,20755.799999999996,-1526.9000000000924,-60.19999999997708,7724.2,741.4,7094.000000000002,-8840.5,36619.6,-560.8000000000011,1105.3,0.0,11.0,741.4,-60.19999999997708,-1526.9000000000924,-42409.900000000125,1672314.8,-681397.5,106244.40000000014,-655752.7,-434240.5,2052601.0999999999,380286.3,20927.0,7705.1,0.0042174969280792006,0.001987975901314352,0.00020099040385193883,0.0028715704542950885,0.019310688540417686,-6723.903783451402,11503.071036957845,19643.962389868393,10116.899999999996,-34115.833858390484,13221.9,-450.7000000000007,8083.300000000002,4164.699999999997,6824.899999999996,-5090.300000000003,-19193.3,939.9000000000015,-8936.8,1.8189894035458565e-12
2023,595184.3,555784.3,397697.8,371024.4,1.071891228717033,732917.3,43549.6,47822.2,1.0981088230431508,132249.7,112046.0,1.1803161201649324,137733.0,107448.4,1.2818524985016064,1.070890811417307,1.14,108772.4,95414.38596491229,1042598.4,27639.4,100265.2,0.09962245583941526,3489.9,5471.0,20362.7,17862.017543859653,440209.0,1868.0,25845.9,0.058234544218183686,-2913.4,-5926.1,3059.2,2683.5087719298244,11761.7,348.7,2761.4,0.24843457607600403,-952.8,-64.4,22953.3,20134.473684210527,740708.0,25569.2,21592.8,0.030251409996633404,31.5,519.6,344.9,0.0,155147.59999999998,136094.38596491228,914560.0000000001,386148.2456140351,0.0042088736936832195,1.2145403813354618,302262.5,302364.4,-101.9,6756.0,178.0,44.75494375370042,-2.276843437917956,6753.723156562082,6934.0,0.025670608595327372,73802.2,33543.9,6056.3,0.0,113402.4,249852.0,155991.8,54564.0,17703.4,21592.8,83184.9,90224.6,83227.3,76187.6,5841.7,-622.8,4005.3,-85411.8,-807.6,-807.6,462583.1,429039.2,400263.74738929915,120593.3,9839.800000000008,30533.8,13183.8,20607.9,16660.300000000003,12423.6,-11017.8,-26639.7,-26294.8,26294.8,0.12399890252481457,0.07818376502659898,0.2134071113785463,552114.5,0.5474634337623808,0.5901704095789171,270.213226,30.0,9115.1,0.0,0.0,0.0,0.0,0.0,0.0,0.0,518.3140350878239,213817.70000000007,2211792.6999999997,116659.7,185192.00000000012,1652764.4340559088,2063448.828336189,1224952.0999999999,391816.10000000003,396454.2,541993.5,-97407.99999999999,-731372.7,-555515.9999999999,-865548.1000000001,382478.2,0.0,-47559.7,541993.5,391816.10000000003,1224952.0999999999,1527587.1999999997,20353.1,11518.6,3115.2,-2956.5,37091.799999999996,-7207.9,-15875.1,-36470.5,10175.6,0.0,-6082.9,-2956.5,11518.6,20353.1,15253.799999999994,9174.299999999908,11.200000000046202,68966.4,12146.2,-15739.2,-161527.9,116111.79999999999,-119796.09999999999,97261.6,0.0,-4700.100000000002,12146.199999999999,11.200000000046202,9174.299999999908,21370.09999999986,1771583.6999999997,-828780.7,104898.0,-555515.9999999999,-483069.9000000001,2163399.8,391816.10000000003,20511.8,11518.6,0.0042174969280792006,0.001987975901314352,0.00020099040385193883,0.007291736464494234,0.021420830707288497,-6381.33025904432,11403.06048449711,24443.296688638347,10794.200000000006,-37889.36771380124,8993.199999999999,-4190.6,29883.899999999994,20044.099999999984,3292.899999999994,-13367.400000000009,-15875.1,-4857.300000000001,-26294.9,-0.10000000000218279
